{
"metadata": {
    "version": {
        "essentia": "2.1-dev"
    }
},
"lowlevel": {
    "mfcc": {
        "mean": [-673.222900391, 103.9947052, -60.5956192017, -10.5048351288, -24.6066589355, -22.5848827362, -4.86741495132, -0.91321003437, 15.8886060715, 19.3823623657, -0.142556458712, -0.83623534441, 12.9447612762],
        "var": [6172.28417969, 1612.94970703, 732.678894043, 209.35005188, 312.035522461, 259.79788208, 242.524932861, 447.853912354, 471.119171143, 296.073364258, 246.887878418, 254.956237793, 264.478851318]
    },
    "mfcc_bands": {
        "mean": [7.14600173524e-05, 6.39226118437e-06, 1.26153213387e-06, 0.000104381491838, 0.000673832197208, 0.00115865713451, 0.00154393375851, 0.0016349661164, 0.0005235944991, 0.000934549840167, 0.00272199464962, 0.00485974969342, 0.000637306424323, 6.98896765243e-05, 0.000121812045109, 0.000114982416562, 9.36296055443e-05, 0.000141659009387, 0.000161306496011, 0.000226773627219, 0.000333549483912, 6.07359615969e-05, 4.2267554818e-05, 2.29911711358e-05, 3.55540469172e-05, 5.62668355997e-05, 4.83338262711e-05, 3.53203722625e-05, 1.60357776622e-05, 3.69741997019e-06, 4.35071706306e-06, 1.87134855878e-06, 2.8636834486e-06, 4.83974531562e-07, 9.94783590613e-07, 1.00933186786e-06, 8.521223549e-07, 3.82293023904e-07, 5.92689218593e-07, 6.13382326264e-07],
        "var": [6.47124709374e-09, 3.09661983555e-11, 3.20821472687e-12, 6.93577931088e-07, 7.90005378803e-06, 1.20396616694e-05, 1.74790620804e-05, 1.94651729544e-05, 2.14412034438e-06, 1.14024114737e-05, 5.22958325746e-05, 0.000155460860697, 4.05833407058e-06, 4.7726906871e-08, 9.86827615179e-08, 7.42688968103e-08, 4.18741414876e-08, 1.01790810447e-07, 2.44516002113e-07, 5.06391415911e-07, 1.75927686996e-06, 2.28918182188e-08, 1.2205658706e-08, 4.44279235623e-09, 9.94660354081e-09, 1.43121683394e-08, 2.72990412498e-08, 1.48908245734e-08, 1.41996514547e-09, 1.19440082824e-10, 1.33330610441e-10, 2.4035664084e-11, 1.40449110675e-10, 1.28582344425e-12, 1.27247240522e-11, 1.1137308957e-11, 7.46453333172e-12, 1.75033305991e-12, 4.30395562939e-12, 5.38294755992e-12]
    }
}
}