{
"metadata": {
    "version": {
        "essentia": "2.1-dev"
    }
},
"lowlevel": {
    "mfcc": {
        "mean": [-541.947631836, 127.406402588, -18.3268051147, 9.01184749603, 1.76919305325, -11.8873195648, -4.33604383469, 1.90424180031, -9.98093223572, -1.49442946911, 1.54818511009, -1.28739702702, -1.29660105705],
        "var": [8137.0546875, 1103.83056641, 614.687927246, 250.149291992, 232.304748535, 196.537261963, 184.030181885, 190.723526001, 196.212005615, 168.601287842, 171.606826782, 134.377197266, 125.022583008]
    },
    "mfcc_bands": {
        "mean": [0.0012638248736, 0.00339492596686, 0.00244298996404, 0.00218398473226, 0.00290253781714, 0.00439180713147, 0.00462214322761, 0.00315295858309, 0.00339385657571, 0.00232230615802, 0.00130800390616, 0.0012356081279, 0.000943728256971, 0.00184216338675, 0.00125010684133, 0.00101732439362, 0.000705842336174, 0.000444979115855, 0.000298287457554, 0.000237505097175, 0.000204303956707, 0.000314145203447, 0.00036284441012, 0.000155837682541, 0.000247630669037, 0.000401571014663, 0.000146622085595, 3.00738156511e-05, 1.8454664314e-05, 1.49277248056e-05, 1.36597500386e-05, 1.53297587531e-05, 1.83723896043e-05, 1.55379311764e-05, 1.1035440366e-05, 1.58808707056e-05, 1.94965577975e-05, 1.28858437165e-05, 1.61616662808e-05, 9.08197307581e-06],
        "var": [4.6161062528e-06, 4.1416631575e-05, 1.47066875797e-05, 8.3538097897e-06, 3.05502653646e-05, 7.28004160919e-05, 9.67137675616e-05, 5.03169176227e-05, 5.89663795836e-05, 2.41544585151e-05, 7.37767550163e-06, 1.26864215417e-05, 9.51111724135e-06, 3.30682487402e-05, 1.40939027915e-05, 1.00385877886e-05, 9.91312390397e-06, 1.11192491659e-06, 4.6854185598e-07, 3.59827680541e-07, 1.15170266213e-07, 4.50782948747e-07, 5.71539601424e-07, 6.98228106444e-08, 3.02634504123e-07, 1.05381479898e-06, 1.70372246089e-07, 4.81937068031e-09, 2.20673568307e-09, 2.50078024955e-09, 2.27809748843e-09, 6.02657568294e-09, 1.22184946605e-08, 1.17899592311e-08, 3.5900140638e-09, 9.85584769353e-09, 1.23688241871e-08, 6.34165964186e-09, 1.46012872904e-08, 2.93724777833e-09]
    }
}
}